<?xml version="1.0"?>
<data grt_format="2.0">
  <value _ptr_="000001AA79335DA0" type="list" content-type="object" content-struct-name="db.mgmt.Connection">
    <value type="object" struct-name="db.mgmt.Connection" id="{2EF6C042-B970-4707-8CFF-F8948E97A4FB}" struct-checksum="0x96ba47d8">
      <link type="object" struct-name="db.mgmt.Driver" key="driver">com.mysql.rdbms.mysql.driver.native</link>
      <value type="string" key="hostIdentifier">Mysql@localhost:3306</value>
      <value type="int" key="isDefault">1</value>
      <value _ptr_="000001AA79586B00" type="dict" key="modules"/>
      <value _ptr_="000001AA79586D40" type="dict" key="parameterValues">
        <value type="string" key=""></value>
        <value type="int" key="OPT_READ_TIMEOUT">300</value>
        <value type="string" key="SQL_MODE"></value>
        <value type="string" key="default-time-zone">'-03:00'</value>
        <value type="string" key="hostName">localhost</value>
        <value type="int" key="lastConnected">1601057086</value>
        <value type="string" key="password"></value>
        <value type="int" key="port">3306</value>
        <value type="string" key="schema"></value>
        <value type="string" key="serverVersion">8.0.20</value>
        <value type="string" key="sslCA"></value>
        <value type="string" key="sslCert"></value>
        <value type="string" key="sslCipher"></value>
        <value type="string" key="sslKey"></value>
        <value type="int" key="useSSL">1</value>
        <value type="string" key="userName">root</value>
      </value>
      <value type="string" key="name">Local instance MySQL80</value>
      <link type="object" struct-name="GrtObject" key="owner">{02E932D8-6C94-447C-A0C9-A94A64775675}</link>
    </value>
    <value type="object" struct-name="db.mgmt.Connection" id="{B6C48A48-9C51-4B31-AF9D-95385D8073AD}" struct-checksum="0x96ba47d8">
      <link type="object" struct-name="db.mgmt.Driver" key="driver">com.mysql.rdbms.mysql.driver.native</link>
      <value type="string" key="hostIdentifier">Mysql@127.0.0.1:3306</value>
      <value type="int" key="isDefault">0</value>
      <value _ptr_="000001AA79587820" type="dict" key="modules"/>
      <value _ptr_="000001AA79587400" type="dict" key="parameterValues">
        <value type="int" key="OPT_READ_TIMEOUT">300</value>
        <value type="string" key="SQL_MODE"></value>
        <value type="string" key="default-time-zone">'-03:00'</value>
        <value type="string" key="hostName">127.0.0.1</value>
        <value type="int" key="lastConnected">1592259543</value>
        <value type="string" key="password"></value>
        <value type="int" key="port">3306</value>
        <value type="string" key="schema"></value>
        <value type="string" key="serverVersion">8.0.20</value>
        <value type="string" key="sslCA"></value>
        <value type="string" key="sslCert"></value>
        <value type="string" key="sslCipher"></value>
        <value type="string" key="sslKey"></value>
        <value type="int" key="useSSL">1</value>
        <value type="string" key="userName">sa</value>
      </value>
      <value type="string" key="name">sa</value>
      <link type="object" struct-name="GrtObject" key="owner">{02E932D8-6C94-447C-A0C9-A94A64775675}</link>
    </value>
  </value>
</data>
